{
  "Amazon": {
    "original": {
      "absolute": 368816,
      "relative": 1
    },
    "hyperbuild-nodejs": {
      "absolute": 353461,
      "relative": 0.9583667736757624
    },
    "html-minifier": {
      "absolute": 355185,
      "relative": 0.9630411912715283
    },
    "minimize": {
      "absolute": 359912,
      "relative": 0.9758578803522624
    }
  },
  "BBC": {
    "original": {
      "absolute": 246217,
      "relative": 1
    },
    "hyperbuild-nodejs": {
      "absolute": 231701,
      "relative": 0.9410438759305816
    },
    "html-minifier": {
      "absolute": 234306,
      "relative": 0.9516239739741772
    },
    "minimize": {
      "absolute": 238547,
      "relative": 0.96884861727663
    }
  },
  "Bing": {
    "original": {
      "absolute": 92029,
      "relative": 1
    },
    "hyperbuild-nodejs": {
      "absolute": 90455,
      "relative": 0.9828966956068196
    },
    "html-minifier": {
      "absolute": 90599,
      "relative": 0.9844614197698551
    },
    "minimize": {
      "absolute": 91020,
      "relative": 0.98903606471873
    }
  },
  "Bootstrap": {
    "original": {
      "absolute": 309742,
      "relative": 1
    },
    "hyperbuild-nodejs": {
      "absolute": 270733,
      "relative": 0.8740597012997915
    },
    "html-minifier": {
      "absolute": 277911,
      "relative": 0.8972338268623564
    },
    "minimize": {
      "absolute": 278990,
      "relative": 0.900717371231541
    }
  },
  "Coding Horror": {
    "original": {
      "absolute": 84628,
      "relative": 1
    },
    "hyperbuild-nodejs": {
      "absolute": 79638,
      "relative": 0.9410360637141372
    },
    "html-minifier": {
      "absolute": 81446,
      "relative": 0.9624001512501772
    },
    "minimize": {
      "absolute": 81844,
      "relative": 0.9671030864489294
    }
  },
  "ECMA-262": {
    "original": {
      "absolute": 6316389,
      "relative": 1
    },
    "hyperbuild-nodejs": {
      "absolute": 5739749,
      "relative": 0.9087073326231174
    },
    "html-minifier": {
      "absolute": 5785725,
      "relative": 0.9159861750123369
    },
    "minimize": {
      "absolute": 5799350,
      "relative": 0.9181432619175292
    }
  },
  "Google": {
    "original": {
      "absolute": 197290,
      "relative": 1
    },
    "hyperbuild-nodejs": {
      "absolute": 196577,
      "relative": 0.9963860307162046
    },
    "html-minifier": {
      "absolute": 196600,
      "relative": 0.9965026103705206
    },
    "minimize": {
      "absolute": 196776,
      "relative": 0.997394698160069
    }
  },
  "Hacker News": {
    "original": {
      "absolute": 34021,
      "relative": 1
    },
    "hyperbuild-nodejs": {
      "absolute": 28114,
      "relative": 0.826371946738779
    },
    "html-minifier": {
      "absolute": 29086,
      "relative": 0.8549425354927839
    },
    "minimize": {
      "absolute": 30318,
      "relative": 0.8911554628023868
    }
  },
  "NY Times": {
    "original": {
      "absolute": 1267834,
      "relative": 1
    },
    "hyperbuild-nodejs": {
      "absolute": 1263048,
      "relative": 0.9962250578545772
    },
    "html-minifier": {
      "absolute": 1263150,
      "relative": 0.9963055100273379
    },
    "minimize": {
      "absolute": 1264354,
      "relative": 0.997255161164632
    }
  },
  "Reddit": {
    "original": {
      "absolute": 651577,
      "relative": 1
    },
    "hyperbuild-nodejs": {
      "absolute": 647965,
      "relative": 0.9944565262432529
    },
    "html-minifier": {
      "absolute": 647822,
      "relative": 0.9942370587052644
    },
    "minimize": {
      "absolute": 648422,
      "relative": 0.9951579015219997
    }
  },
  "Stack Overflow": {
    "original": {
      "absolute": 112229,
      "relative": 1
    },
    "hyperbuild-nodejs": {
      "absolute": 86589,
      "relative": 0.771538550641991
    },
    "html-minifier": {
      "absolute": 88366,
      "relative": 0.7873722478147359
    },
    "minimize": {
      "absolute": 89682,
      "relative": 0.7990982722825651
    }
  },
  "Twitter": {
    "original": {
      "absolute": 315154,
      "relative": 1
    },
    "hyperbuild-nodejs": {
      "absolute": 265212,
      "relative": 0.8415314417713244
    },
    "html-minifier": {
      "absolute": 266639,
      "relative": 0.8460593868394499
    },
    "minimize": {
      "absolute": 307860,
      "relative": 0.9768557594065124
    }
  },
  "Wikipedia": {
    "original": {
      "absolute": 1411155,
      "relative": 1
    },
    "hyperbuild-nodejs": {
      "absolute": 1316235,
      "relative": 0.9327359503385525
    },
    "html-minifier": {
      "absolute": 1327244,
      "relative": 0.940537361239552
    },
    "minimize": {
      "absolute": 1369798,
      "relative": 0.9706928012868891
    }
  }
}