{
  "Amazon": {
    "hyperbuild-nodejs": 502.24664208689205,
    "html-minifier": 35.29094514423333,
    "minimize": 115.65576358024069
  },
  "BBC": {
    "hyperbuild-nodejs": 534.2273806686738,
    "html-minifier": 48.494203597533264,
    "minimize": 162.19058006327936
  },
  "Bing": {
    "hyperbuild-nodejs": 2140.7640403400474,
    "html-minifier": 219.51796458703646,
    "minimize": 556.4985790478128
  },
  "Bootstrap": {
    "hyperbuild-nodejs": 281.194875239674,
    "html-minifier": 7.8415099622038555,
    "minimize": 22.529031134122878
  },
  "Coding Horror": {
    "hyperbuild-nodejs": 1047.0958113343395,
    "html-minifier": 47.42413048467408,
    "minimize": 192.42462057036215
  },
  "ECMA-262": {
    "hyperbuild-nodejs": 15.772555656834477,
    "html-minifier": 0.44192845474704334,
    "minimize": 1.3294991658715587
  },
  "Google": {
    "hyperbuild-nodejs": 1835.2139045218082,
    "html-minifier": 241.2525641836837,
    "minimize": 580.9205037326506
  },
  "Hacker News": {
    "hyperbuild-nodejs": 2078.0864684534695,
    "html-minifier": 73.73992684219166,
    "minimize": 275.23770113550273
  },
  "NY Times": {
    "hyperbuild-nodejs": 262.6791315524891,
    "html-minifier": 37.21473163759241,
    "minimize": 87.5459988860411
  },
  "Reddit": {
    "hyperbuild-nodejs": 392.33718670985326,
    "html-minifier": 45.080090941207395,
    "minimize": 126.02956065880237
  },
  "Stack Overflow": {
    "hyperbuild-nodejs": 806.413713289417,
    "html-minifier": 41.36174599511134,
    "minimize": 161.42178263684914
  },
  "Twitter": {
    "hyperbuild-nodejs": 277.80868572702855,
    "html-minifier": 37.062907987061436,
    "minimize": 168.569458535333
  },
  "Wikipedia": {
    "hyperbuild-nodejs": 54.76838615471663,
    "html-minifier": 2.7997721992329714,
    "minimize": 8.79398557057751
  }
}