{
  "Amazon": {
    "hyperbuild-nodejs": 497.0684008679241,
    "html-minifier": 36.28930820880813,
    "minimize": 114.18558697357896
  },
  "BBC": {
    "hyperbuild-nodejs": 530.356838970197,
    "html-minifier": 48.63263590575628,
    "minimize": 160.9462295874063
  },
  "Bing": {
    "hyperbuild-nodejs": 2134.6747025695076,
    "html-minifier": 221.00143110816123,
    "minimize": 551.4842672816046
  },
  "Bootstrap": {
    "hyperbuild-nodejs": 271.35337683063364,
    "html-minifier": 7.97192942546144,
    "minimize": 22.302011949055192
  },
  "Coding Horror": {
    "hyperbuild-nodejs": 1019.5233646175254,
    "html-minifier": 49.28536290527941,
    "minimize": 187.54666897520576
  },
  "ECMA-262": {
    "hyperbuild-nodejs": 15.344258383194457,
    "html-minifier": 0.44536511869011475,
    "minimize": 1.3342793943531839
  },
  "Google": {
    "hyperbuild-nodejs": 1827.5416680815183,
    "html-minifier": 242.58427545496446,
    "minimize": 579.275465488081
  },
  "Hacker News": {
    "hyperbuild-nodejs": 2071.747702993173,
    "html-minifier": 73.41021778919102,
    "minimize": 270.4509347009959
  },
  "NY Times": {
    "hyperbuild-nodejs": 276.16242726823117,
    "html-minifier": 36.853296596407354,
    "minimize": 86.40323822747456
  },
  "Reddit": {
    "hyperbuild-nodejs": 404.3269179058215,
    "html-minifier": 44.98344851074736,
    "minimize": 124.11335556541236
  },
  "Stack Overflow": {
    "hyperbuild-nodejs": 820.8141564896657,
    "html-minifier": 41.63919304297733,
    "minimize": 161.27817560216315
  },
  "Twitter": {
    "hyperbuild-nodejs": 280.20971195021036,
    "html-minifier": 37.298870434334766,
    "minimize": 166.8418036944524
  },
  "Wikipedia": {
    "hyperbuild-nodejs": 54.272192449450806,
    "html-minifier": 2.8349496354931727,
    "minimize": 8.748906528012489
  }
}