{
  "Amazon.html": {
    "original": {
      "absolute": 572775,
      "relative": 1
    },
    "hyperbuild-nodejs": {
      "absolute": 362616,
      "relative": 0.6330862904281787
    },
    "html-minifier": {
      "absolute": 488839,
      "relative": 0.8534572912574746
    },
    "minimize": {
      "absolute": 495105,
      "relative": 0.8643970145345031
    }
  },
  "BBC.html": {
    "original": {
      "absolute": 400787,
      "relative": 1
    },
    "hyperbuild-nodejs": {
      "absolute": 224376,
      "relative": 0.559838517716393
    },
    "html-minifier": {
      "absolute": 298773,
      "relative": 0.7454657960462789
    },
    "minimize": {
      "absolute": 298840,
      "relative": 0.7456329671371577
    }
  },
  "Bing.html": {
    "original": {
      "absolute": 155661,
      "relative": 1
    },
    "hyperbuild-nodejs": {
      "absolute": 96856,
      "relative": 0.6222239353466829
    },
    "html-minifier": {
      "absolute": 137061,
      "relative": 0.8805095688708154
    },
    "minimize": {
      "absolute": 137358,
      "relative": 0.882417561238846
    }
  },
  "Bootstrap.html": {
    "original": {
      "absolute": 369435,
      "relative": 1
    },
    "hyperbuild-nodejs": {
      "absolute": 271250,
      "relative": 0.7342292960872684
    },
    "html-minifier": {
      "absolute": 270621,
      "relative": 0.7325266961711803
    },
    "minimize": {
      "absolute": 279252,
      "relative": 0.7558893986763572
    }
  },
  "Coding Horror.html": {
    "original": {
      "absolute": 126036,
      "relative": 1
    },
    "hyperbuild-nodejs": {
      "absolute": 79380,
      "relative": 0.6298200514138818
    },
    "html-minifier": {
      "absolute": 79394,
      "relative": 0.6299311307880289
    },
    "minimize": {
      "absolute": 81975,
      "relative": 0.650409406836142
    }
  },
  "Google.html": {
    "original": {
      "absolute": 392903,
      "relative": 1
    },
    "hyperbuild-nodejs": {
      "absolute": 232058,
      "relative": 0.5906241489629755
    },
    "html-minifier": {
      "absolute": 383586,
      "relative": 0.9762867679809012
    },
    "minimize": {
      "absolute": 384579,
      "relative": 0.978814109334874
    }
  },
  "Hacker News.html": {
    "original": {
      "absolute": 55953,
      "relative": 1
    },
    "hyperbuild-nodejs": {
      "absolute": 28860,
      "relative": 0.5157900380676639
    },
    "html-minifier": {
      "absolute": 28464,
      "relative": 0.5087126695619538
    },
    "minimize": {
      "absolute": 30643,
      "relative": 0.5476560684860508
    }
  },
  "NY Times.html": {
    "original": {
      "absolute": 1982946,
      "relative": 1
    },
    "hyperbuild-nodejs": {
      "absolute": 1383721,
      "relative": 0.6978107321127253
    },
    "html-minifier": {
      "absolute": 1888047,
      "relative": 0.9521424184017114
    },
    "minimize": {
      "absolute": 1888704,
      "relative": 0.9524737436117776
    }
  },
  "Reddit.html": {
    "original": {
      "absolute": 1542845,
      "relative": 1
    },
    "hyperbuild-nodejs": {
      "absolute": 831178,
      "relative": 0.5387307214917895
    },
    "html-minifier": {
      "absolute": 1115700,
      "relative": 0.7231445803045672
    },
    "minimize": {
      "absolute": 1117526,
      "relative": 0.7243281081378882
    }
  },
  "Stack Overflow.html": {
    "original": {
      "absolute": 154899,
      "relative": 1
    },
    "hyperbuild-nodejs": {
      "absolute": 86946,
      "relative": 0.5613076908178878
    },
    "html-minifier": {
      "absolute": 89329,
      "relative": 0.5766919089212971
    },
    "minimize": {
      "absolute": 91363,
      "relative": 0.589823045984803
    }
  },
  "Twitter.html": {
    "original": {
      "absolute": 300803,
      "relative": 1
    },
    "hyperbuild-nodejs": {
      "absolute": 270831,
      "relative": 0.9003600363028295
    },
    "html-minifier": {
      "absolute": 273191,
      "relative": 0.9082057027356775
    },
    "minimize": {
      "absolute": 273887,
      "relative": 0.9105195094463818
    }
  },
  "Wikipedia.html": {
    "original": {
      "absolute": 2439928,
      "relative": 1
    },
    "hyperbuild-nodejs": {
      "absolute": 1347041,
      "relative": 0.5520822745589214
    },
    "html-minifier": {
      "absolute": 1307604,
      "relative": 0.5359190926945385
    },
    "minimize": {
      "absolute": 1368203,
      "relative": 0.5607554813092845
    }
  }
}