{
  "amazon.html": {
    "original": {
      "absolute": 518794,
      "relative": 1
    },
    "hyperbuild-nodejs": {
      "absolute": 341716,
      "relative": 0.6586737703211679
    },
    "html-minifier": {
      "absolute": 448709,
      "relative": 0.8649078439611869
    },
    "minimize": {
      "absolute": 457003,
      "relative": 0.8808949216837512
    }
  },
  "bbc.html": {
    "original": {
      "absolute": 439081,
      "relative": 1
    },
    "hyperbuild-nodejs": {
      "absolute": 284895,
      "relative": 0.64884383519214
    },
    "html-minifier": {
      "absolute": 349028,
      "relative": 0.794905723545314
    },
    "minimize": {
      "absolute": 352538,
      "relative": 0.8028996927673937
    }
  },
  "bootstrap.html": {
    "original": {
      "absolute": 363784,
      "relative": 1
    },
    "hyperbuild-nodejs": {
      "absolute": 267987,
      "relative": 0.736665163943439
    },
    "html-minifier": {
      "absolute": 267315,
      "relative": 0.7348179139269456
    },
    "minimize": {
      "absolute": 275561,
      "relative": 0.7574852110043322
    }
  },
  "codinghorror.html": {
    "original": {
      "absolute": 113678,
      "relative": 1
    },
    "hyperbuild-nodejs": {
      "absolute": 81116,
      "relative": 0.7135593518534808
    },
    "html-minifier": {
      "absolute": 82705,
      "relative": 0.7275374302855434
    },
    "minimize": {
      "absolute": 84926,
      "relative": 0.7470750716937314
    }
  },
  "es2019-draft.html": {
    "original": {
      "absolute": 6214000,
      "relative": 1
    },
    "hyperbuild-nodejs": {
      "absolute": 5668237,
      "relative": 0.9121720308979723
    },
    "html-minifier": {
      "absolute": 5612287,
      "relative": 0.9031681686514322
    },
    "minimize": {
      "absolute": 5745961,
      "relative": 0.9246799163179916
    }
  },
  "google.html": {
    "original": {
      "absolute": 17600,
      "relative": 1
    },
    "hyperbuild-nodejs": {
      "absolute": 13012,
      "relative": 0.7393181818181818
    },
    "html-minifier": {
      "absolute": 15384,
      "relative": 0.8740909090909091
    },
    "minimize": {
      "absolute": 15589,
      "relative": 0.8857386363636364
    }
  },
  "nytimes.html": {
    "original": {
      "absolute": 331796,
      "relative": 1
    },
    "hyperbuild-nodejs": {
      "absolute": 150940,
      "relative": 0.45491808219508373
    },
    "html-minifier": {
      "absolute": 199186,
      "relative": 0.6003267067716308
    },
    "minimize": {
      "absolute": 201000,
      "relative": 0.6057939215662637
    }
  },
  "stackoverflow.html": {
    "original": {
      "absolute": 386541,
      "relative": 1
    },
    "hyperbuild-nodejs": {
      "absolute": 210845,
      "relative": 0.5454660695760605
    },
    "html-minifier": {
      "absolute": 216118,
      "relative": 0.5591075720298753
    },
    "minimize": {
      "absolute": 218775,
      "relative": 0.5659813577343671
    }
  },
  "wiki.html": {
    "original": {
      "absolute": 846785,
      "relative": 1
    },
    "hyperbuild-nodejs": {
      "absolute": 508287,
      "relative": 0.6002550824589477
    },
    "html-minifier": {
      "absolute": 500654,
      "relative": 0.5912409879721535
    },
    "minimize": {
      "absolute": 519017,
      "relative": 0.612926539794635
    }
  },
  "yahoo.html": {
    "original": {
      "absolute": 517537,
      "relative": 1
    },
    "hyperbuild-nodejs": {
      "absolute": 368590,
      "relative": 0.7122002871292294
    },
    "html-minifier": {
      "absolute": 471919,
      "relative": 0.9118555774756201
    },
    "minimize": {
      "absolute": 473430,
      "relative": 0.9147751754946989
    }
  }
}