{
  "Amazon.html": {
    "original": {
      "absolute": 572775,
      "relative": 1
    },
    "hyperbuild-nodejs": {
      "absolute": 367738,
      "relative": 0.6420287198289032
    },
    "html-minifier": {
      "absolute": 488839,
      "relative": 0.8534572912574746
    },
    "minimize": {
      "absolute": 495105,
      "relative": 0.8643970145345031
    }
  },
  "BBC.html": {
    "original": {
      "absolute": 400787,
      "relative": 1
    },
    "hyperbuild-nodejs": {
      "absolute": 233690,
      "relative": 0.5830777944394404
    },
    "html-minifier": {
      "absolute": 298773,
      "relative": 0.7454657960462789
    },
    "minimize": {
      "absolute": 298840,
      "relative": 0.7456329671371577
    }
  },
  "Bing.html": {
    "original": {
      "absolute": 155661,
      "relative": 1
    },
    "hyperbuild-nodejs": {
      "absolute": 98036,
      "relative": 0.6298045110849859
    },
    "html-minifier": {
      "absolute": 137061,
      "relative": 0.8805095688708154
    },
    "minimize": {
      "absolute": 137358,
      "relative": 0.882417561238846
    }
  },
  "Bootstrap.html": {
    "original": {
      "absolute": 369435,
      "relative": 1
    },
    "hyperbuild-nodejs": {
      "absolute": 272938,
      "relative": 0.7387984354487258
    },
    "html-minifier": {
      "absolute": 270621,
      "relative": 0.7325266961711803
    },
    "minimize": {
      "absolute": 279252,
      "relative": 0.7558893986763572
    }
  },
  "Coding Horror.html": {
    "original": {
      "absolute": 126036,
      "relative": 1
    },
    "hyperbuild-nodejs": {
      "absolute": 82104,
      "relative": 0.6514329239264972
    },
    "html-minifier": {
      "absolute": 79394,
      "relative": 0.6299311307880289
    },
    "minimize": {
      "absolute": 81975,
      "relative": 0.650409406836142
    }
  },
  "Google.html": {
    "original": {
      "absolute": 392903,
      "relative": 1
    },
    "hyperbuild-nodejs": {
      "absolute": 232603,
      "relative": 0.5920112597765861
    },
    "html-minifier": {
      "absolute": 383586,
      "relative": 0.9762867679809012
    },
    "minimize": {
      "absolute": 384579,
      "relative": 0.978814109334874
    }
  },
  "Hacker News.html": {
    "original": {
      "absolute": 55953,
      "relative": 1
    },
    "hyperbuild-nodejs": {
      "absolute": 32033,
      "relative": 0.5724983468268011
    },
    "html-minifier": {
      "absolute": 28464,
      "relative": 0.5087126695619538
    },
    "minimize": {
      "absolute": 30643,
      "relative": 0.5476560684860508
    }
  },
  "NY Times.html": {
    "original": {
      "absolute": 1982946,
      "relative": 1
    },
    "hyperbuild-nodejs": {
      "absolute": 1391016,
      "relative": 0.7014896018348458
    },
    "html-minifier": {
      "absolute": 1888047,
      "relative": 0.9521424184017114
    },
    "minimize": {
      "absolute": 1888704,
      "relative": 0.9524737436117776
    }
  },
  "Reddit.html": {
    "original": {
      "absolute": 1542845,
      "relative": 1
    },
    "hyperbuild-nodejs": {
      "absolute": 865816,
      "relative": 0.5611814537429229
    },
    "html-minifier": {
      "absolute": 1115700,
      "relative": 0.7231445803045672
    },
    "minimize": {
      "absolute": 1117526,
      "relative": 0.7243281081378882
    }
  },
  "Stack Overflow.html": {
    "original": {
      "absolute": 154899,
      "relative": 1
    },
    "hyperbuild-nodejs": {
      "absolute": 90282,
      "relative": 0.5828443049987411
    },
    "html-minifier": {
      "absolute": 89329,
      "relative": 0.5766919089212971
    },
    "minimize": {
      "absolute": 91363,
      "relative": 0.589823045984803
    }
  },
  "Twitter.html": {
    "original": {
      "absolute": 300803,
      "relative": 1
    },
    "hyperbuild-nodejs": {
      "absolute": 279810,
      "relative": 0.930210137531873
    },
    "html-minifier": {
      "absolute": 273191,
      "relative": 0.9082057027356775
    },
    "minimize": {
      "absolute": 273887,
      "relative": 0.9105195094463818
    }
  },
  "Wikipedia.html": {
    "original": {
      "absolute": 2439928,
      "relative": 1
    },
    "hyperbuild-nodejs": {
      "absolute": 1535741,
      "relative": 0.6294206222478697
    },
    "html-minifier": {
      "absolute": 1307604,
      "relative": 0.5359190926945385
    },
    "minimize": {
      "absolute": 1368203,
      "relative": 0.5607554813092845
    }
  }
}