{
  "Amazon.html": {
    "original": {
      "absolute": 572775,
      "relative": 1
    },
    "hyperbuild-nodejs": {
      "absolute": 493123,
      "relative": 0.8609366679760814
    },
    "html-minifier": {
      "absolute": 488822,
      "relative": 0.8534276111911309
    },
    "minimize": {
      "absolute": 495105,
      "relative": 0.8643970145345031
    }
  },
  "BBC.html": {
    "original": {
      "absolute": 400787,
      "relative": 1
    },
    "hyperbuild-nodejs": {
      "absolute": 297108,
      "relative": 0.7413114696833979
    },
    "html-minifier": {
      "absolute": 298773,
      "relative": 0.7454657960462789
    },
    "minimize": {
      "absolute": 298840,
      "relative": 0.7456329671371577
    }
  },
  "Bing.html": {
    "original": {
      "absolute": 155661,
      "relative": 1
    },
    "hyperbuild-nodejs": {
      "absolute": 137131,
      "relative": 0.8809592640417317
    },
    "html-minifier": {
      "absolute": 137026,
      "relative": 0.8802847212853573
    },
    "minimize": {
      "absolute": 137358,
      "relative": 0.882417561238846
    }
  },
  "Bootstrap.html": {
    "original": {
      "absolute": 369435,
      "relative": 1
    },
    "hyperbuild-nodejs": {
      "absolute": 271470,
      "relative": 0.7348248000324821
    },
    "html-minifier": {
      "absolute": 270604,
      "relative": 0.732480679957232
    },
    "minimize": {
      "absolute": 279252,
      "relative": 0.7558893986763572
    }
  },
  "Coding Horror.html": {
    "original": {
      "absolute": 126036,
      "relative": 1
    },
    "hyperbuild-nodejs": {
      "absolute": 79853,
      "relative": 0.6335729474118506
    },
    "html-minifier": {
      "absolute": 79394,
      "relative": 0.6299311307880289
    },
    "minimize": {
      "absolute": 81975,
      "relative": 0.650409406836142
    }
  },
  "Google.html": {
    "original": {
      "absolute": 392903,
      "relative": 1
    },
    "hyperbuild-nodejs": {
      "absolute": 384569,
      "relative": 0.9787886577603123
    },
    "html-minifier": {
      "absolute": 383578,
      "relative": 0.9762664067212518
    },
    "minimize": {
      "absolute": 384579,
      "relative": 0.978814109334874
    }
  },
  "Hacker News.html": {
    "original": {
      "absolute": 55953,
      "relative": 1
    },
    "hyperbuild-nodejs": {
      "absolute": 28860,
      "relative": 0.5157900380676639
    },
    "html-minifier": {
      "absolute": 28448,
      "relative": 0.5084267152788948
    },
    "minimize": {
      "absolute": 30643,
      "relative": 0.5476560684860508
    }
  },
  "NY Times.html": {
    "original": {
      "absolute": 1982946,
      "relative": 1
    },
    "hyperbuild-nodejs": {
      "absolute": 1888405,
      "relative": 0.9523229578616866
    },
    "html-minifier": {
      "absolute": 1887947,
      "relative": 0.9520919883849586
    },
    "minimize": {
      "absolute": 1888704,
      "relative": 0.9524737436117776
    }
  },
  "Reddit.html": {
    "original": {
      "absolute": 1542845,
      "relative": 1
    },
    "hyperbuild-nodejs": {
      "absolute": 1116125,
      "relative": 0.7234200454355427
    },
    "html-minifier": {
      "absolute": 1115617,
      "relative": 0.7230907835848708
    },
    "minimize": {
      "absolute": 1117526,
      "relative": 0.7243281081378882
    }
  },
  "Stack Overflow.html": {
    "original": {
      "absolute": 154899,
      "relative": 1
    },
    "hyperbuild-nodejs": {
      "absolute": 89741,
      "relative": 0.5793517065959108
    },
    "html-minifier": {
      "absolute": 89321,
      "relative": 0.5766402623645085
    },
    "minimize": {
      "absolute": 91363,
      "relative": 0.589823045984803
    }
  },
  "Twitter.html": {
    "original": {
      "absolute": 300803,
      "relative": 1
    },
    "hyperbuild-nodejs": {
      "absolute": 273277,
      "relative": 0.9084916041395864
    },
    "html-minifier": {
      "absolute": 273174,
      "relative": 0.9081491873418815
    },
    "minimize": {
      "absolute": 273887,
      "relative": 0.9105195094463818
    }
  },
  "Wikipedia.html": {
    "original": {
      "absolute": 2439928,
      "relative": 1
    },
    "hyperbuild-nodejs": {
      "absolute": 1351483,
      "relative": 0.5539028200832156
    },
    "html-minifier": {
      "absolute": 1307563,
      "relative": 0.5359022889200009
    },
    "minimize": {
      "absolute": 1368203,
      "relative": 0.5607554813092845
    }
  }
}