{
  "Amazon.html": {
    "original": {
      "absolute": 367015,
      "relative": 1
    },
    "hyperbuild-nodejs": {
      "absolute": 353050,
      "relative": 0.9619497840687711
    },
    "html-minifier": {
      "absolute": 351955,
      "relative": 0.9589662547852268
    },
    "minimize": {
      "absolute": 358129,
      "relative": 0.9757884555127174
    }
  },
  "BBC.html": {
    "original": {
      "absolute": 245680,
      "relative": 1
    },
    "hyperbuild-nodejs": {
      "absolute": 231552,
      "relative": 0.9424943015304461
    },
    "html-minifier": {
      "absolute": 233884,
      "relative": 0.9519863236730707
    },
    "minimize": {
      "absolute": 238025,
      "relative": 0.9688415825464018
    }
  },
  "Bing.html": {
    "original": {
      "absolute": 91242,
      "relative": 1
    },
    "hyperbuild-nodejs": {
      "absolute": 89811,
      "relative": 0.9843164332215427
    },
    "html-minifier": {
      "absolute": 89834,
      "relative": 0.9845685101159554
    },
    "minimize": {
      "absolute": 90222,
      "relative": 0.9888209377260472
    }
  },
  "Bootstrap.html": {
    "original": {
      "absolute": 309742,
      "relative": 1
    },
    "hyperbuild-nodejs": {
      "absolute": 271254,
      "relative": 0.8757417463566453
    },
    "html-minifier": {
      "absolute": 270355,
      "relative": 0.8728393307978899
    },
    "minimize": {
      "absolute": 278990,
      "relative": 0.900717371231541
    }
  },
  "Coding Horror.html": {
    "original": {
      "absolute": 84628,
      "relative": 1
    },
    "hyperbuild-nodejs": {
      "absolute": 79875,
      "relative": 0.9438365552772132
    },
    "html-minifier": {
      "absolute": 79273,
      "relative": 0.9367230703785981
    },
    "minimize": {
      "absolute": 81844,
      "relative": 0.9671030864489294
    }
  },
  "ECMA-262.html": {
    "original": {
      "absolute": 6316389,
      "relative": 1
    },
    "hyperbuild-nodejs": {
      "absolute": 5719969,
      "relative": 0.9055757965508457
    },
    "html-minifier": {
      "absolute": 5663106,
      "relative": 0.896573342775437
    },
    "minimize": {
      "absolute": 5799350,
      "relative": 0.9181432619175292
    }
  },
  "Google.html": {
    "original": {
      "absolute": 197044,
      "relative": 1
    },
    "hyperbuild-nodejs": {
      "absolute": 196435,
      "relative": 0.9969093197458435
    },
    "html-minifier": {
      "absolute": 196322,
      "relative": 0.9963358437709344
    },
    "minimize": {
      "absolute": 196530,
      "relative": 0.9973914455654574
    }
  },
  "Hacker News.html": {
    "original": {
      "absolute": 34491,
      "relative": 1
    },
    "hyperbuild-nodejs": {
      "absolute": 28949,
      "relative": 0.8393204024238207
    },
    "html-minifier": {
      "absolute": 28593,
      "relative": 0.8289988692702445
    },
    "minimize": {
      "absolute": 30782,
      "relative": 0.8924647009364762
    }
  },
  "NY Times.html": {
    "original": {
      "absolute": 945220,
      "relative": 1
    },
    "hyperbuild-nodejs": {
      "absolute": 941143,
      "relative": 0.9956867184359197
    },
    "html-minifier": {
      "absolute": 940656,
      "relative": 0.9951714944668966
    },
    "minimize": {
      "absolute": 941960,
      "relative": 0.9965510674763547
    }
  },
  "Reddit.html": {
    "original": {
      "absolute": 671886,
      "relative": 1
    },
    "hyperbuild-nodejs": {
      "absolute": 668280,
      "relative": 0.994633018101285
    },
    "html-minifier": {
      "absolute": 667808,
      "relative": 0.9939305179747755
    },
    "minimize": {
      "absolute": 668652,
      "relative": 0.995186683455229
    }
  },
  "Stack Overflow.html": {
    "original": {
      "absolute": 112268,
      "relative": 1
    },
    "hyperbuild-nodejs": {
      "absolute": 86850,
      "relative": 0.7735953254711939
    },
    "html-minifier": {
      "absolute": 86422,
      "relative": 0.7697830192040475
    },
    "minimize": {
      "absolute": 89721,
      "relative": 0.7991680621370293
    }
  },
  "Twitter.html": {
    "original": {
      "absolute": 315988,
      "relative": 1
    },
    "hyperbuild-nodejs": {
      "absolute": 273313,
      "relative": 0.8649474030659392
    },
    "html-minifier": {
      "absolute": 265976,
      "relative": 0.8417281668924136
    },
    "minimize": {
      "absolute": 308694,
      "relative": 0.9769168449434789
    }
  },
  "Wikipedia.html": {
    "original": {
      "absolute": 1411155,
      "relative": 1
    },
    "hyperbuild-nodejs": {
      "absolute": 1342122,
      "relative": 0.9510804978900262
    },
    "html-minifier": {
      "absolute": 1308864,
      "relative": 0.927512569490949
    },
    "minimize": {
      "absolute": 1369798,
      "relative": 0.9706928012868891
    }
  }
}