{
  "Amazon": {
    "original": {
      "absolute": 368816,
      "relative": 1
    },
    "hyperbuild-nodejs": {
      "absolute": 353526,
      "relative": 0.9585430133182942
    },
    "html-minifier": {
      "absolute": 353730,
      "relative": 0.9590961346579324
    },
    "minimize": {
      "absolute": 359912,
      "relative": 0.9758578803522624
    }
  },
  "BBC": {
    "original": {
      "absolute": 246217,
      "relative": 1
    },
    "hyperbuild-nodejs": {
      "absolute": 231730,
      "relative": 0.941161658212065
    },
    "html-minifier": {
      "absolute": 234186,
      "relative": 0.9511365990163149
    },
    "minimize": {
      "absolute": 238547,
      "relative": 0.96884861727663
    }
  },
  "Bing": {
    "original": {
      "absolute": 92029,
      "relative": 1
    },
    "hyperbuild-nodejs": {
      "absolute": 90485,
      "relative": 0.983222679807452
    },
    "html-minifier": {
      "absolute": 90599,
      "relative": 0.9844614197698551
    },
    "minimize": {
      "absolute": 91020,
      "relative": 0.98903606471873
    }
  },
  "Bootstrap": {
    "original": {
      "absolute": 309742,
      "relative": 1
    },
    "hyperbuild-nodejs": {
      "absolute": 271220,
      "relative": 0.8756319775813419
    },
    "html-minifier": {
      "absolute": 270355,
      "relative": 0.8728393307978899
    },
    "minimize": {
      "absolute": 278990,
      "relative": 0.900717371231541
    }
  },
  "Coding Horror": {
    "original": {
      "absolute": 84628,
      "relative": 1
    },
    "hyperbuild-nodejs": {
      "absolute": 79834,
      "relative": 0.9433520820532212
    },
    "html-minifier": {
      "absolute": 79273,
      "relative": 0.9367230703785981
    },
    "minimize": {
      "absolute": 81844,
      "relative": 0.9671030864489294
    }
  },
  "ECMA-262": {
    "original": {
      "absolute": 6316389,
      "relative": 1
    },
    "hyperbuild-nodejs": {
      "absolute": 5744300,
      "relative": 0.9094278392290278
    },
    "html-minifier": {
      "absolute": 5663106,
      "relative": 0.896573342775437
    },
    "minimize": {
      "absolute": 5799350,
      "relative": 0.9181432619175292
    }
  },
  "Google": {
    "original": {
      "absolute": 197290,
      "relative": 1
    },
    "hyperbuild-nodejs": {
      "absolute": 196589,
      "relative": 0.9964468548836738
    },
    "html-minifier": {
      "absolute": 196568,
      "relative": 0.9963404125906027
    },
    "minimize": {
      "absolute": 196776,
      "relative": 0.997394698160069
    }
  },
  "Hacker News": {
    "original": {
      "absolute": 34021,
      "relative": 1
    },
    "hyperbuild-nodejs": {
      "absolute": 28189,
      "relative": 0.8285764674759707
    },
    "html-minifier": {
      "absolute": 28109,
      "relative": 0.8262249786896328
    },
    "minimize": {
      "absolute": 30318,
      "relative": 0.8911554628023868
    }
  },
  "NY Times": {
    "original": {
      "absolute": 1267834,
      "relative": 1
    },
    "hyperbuild-nodejs": {
      "absolute": 1263698,
      "relative": 0.9967377432692293
    },
    "html-minifier": {
      "absolute": 1263082,
      "relative": 0.9962518752454974
    },
    "minimize": {
      "absolute": 1264354,
      "relative": 0.997255161164632
    }
  },
  "Reddit": {
    "original": {
      "absolute": 651577,
      "relative": 1
    },
    "hyperbuild-nodejs": {
      "absolute": 648036,
      "relative": 0.9945654926432332
    },
    "html-minifier": {
      "absolute": 647776,
      "relative": 0.9941664607559813
    },
    "minimize": {
      "absolute": 648422,
      "relative": 0.9951579015219997
    }
  },
  "Stack Overflow": {
    "original": {
      "absolute": 112229,
      "relative": 1
    },
    "hyperbuild-nodejs": {
      "absolute": 86770,
      "relative": 0.7731513245239644
    },
    "html-minifier": {
      "absolute": 86383,
      "relative": 0.7697030179365405
    },
    "minimize": {
      "absolute": 89682,
      "relative": 0.7990982722825651
    }
  },
  "Twitter": {
    "original": {
      "absolute": 315154,
      "relative": 1
    },
    "hyperbuild-nodejs": {
      "absolute": 272544,
      "relative": 0.8647962583371939
    },
    "html-minifier": {
      "absolute": 265242,
      "relative": 0.841626633328468
    },
    "minimize": {
      "absolute": 307860,
      "relative": 0.9768557594065124
    }
  },
  "Wikipedia": {
    "original": {
      "absolute": 1411155,
      "relative": 1
    },
    "hyperbuild-nodejs": {
      "absolute": 1319433,
      "relative": 0.9350021790660842
    },
    "html-minifier": {
      "absolute": 1308864,
      "relative": 0.927512569490949
    },
    "minimize": {
      "absolute": 1369798,
      "relative": 0.9706928012868891
    }
  }
}