{
  "Amazon.html": {
    "hyperbuild": 348.52605821546064,
    "hyperbuild-nodejs": 165.07093690973286,
    "html-minifier": 16.107592839431693,
    "minimize": 99.24208700487603
  },
  "BBC.html": {
    "hyperbuild": 498.2348139009136,
    "hyperbuild-nodejs": 244.6322429720145,
    "html-minifier": 18.585717845341243,
    "minimize": 116.27828832819753
  },
  "Bootstrap.html": {
    "hyperbuild": 238.21894278610927,
    "hyperbuild-nodejs": 156.53315203999523,
    "html-minifier": 8.3990089555115,
    "minimize": 22.909077061595145
  },
  "Bing.html": {
    "hyperbuild": 1737.6334081200116,
    "hyperbuild-nodejs": 688.4893822559816,
    "html-minifier": 78.95988809648134,
    "minimize": 437.5366586028663
  },
  "Coding Horror.html": {
    "hyperbuild": 1197.4089706956722,
    "hyperbuild-nodejs": 669.904737573913,
    "html-minifier": 45.643674781314395,
    "minimize": 173.0258048899911
  },
  "Google.html": {
    "hyperbuild": 1123.9206824500823,
    "hyperbuild-nodejs": 920.376725868044,
    "html-minifier": 31.321054829311436,
    "minimize": 369.0906454521445
  },
  "Hacker News.html": {
    "hyperbuild": 1839.8486560618867,
    "hyperbuild-nodejs": 1255.30693251337,
    "html-minifier": 67.45295727773244,
    "minimize": 265.7472608824104
  },
  "NY Times.html": {
    "hyperbuild": 206.64831284965635,
    "hyperbuild-nodejs": 54.49167941039783,
    "html-minifier": 7.336661842305721,
    "minimize": 61.264331562390105
  },
  "Reddit.html": {
    "hyperbuild": 189.6454899629115,
    "hyperbuild-nodejs": 84.58158579201455,
    "html-minifier": 6.305846537661691,
    "minimize": 45.602895635511416
  },
  "Stack Overflow.html": {
    "hyperbuild": 795.551445372161,
    "hyperbuild-nodejs": 496.1578048486152,
    "html-minifier": 39.331066953478285,
    "minimize": 154.24858433261213
  },
  "Twitter.html": {
    "hyperbuild": 386.0676346339393,
    "hyperbuild-nodejs": 207.95620261405426,
    "html-minifier": 42.24757139208541,
    "minimize": 129.4921832398901
  },
  "Wikipedia.html": {
    "hyperbuild": 52.81648307515652,
    "hyperbuild-nodejs": 32.050455493661815,
    "html-minifier": 2.394314136599145,
    "minimize": 8.106531334304298
  }
}