{
  "Amazon.html": {
    "hyperbuild": 245.46705260338564,
    "hyperbuild-nodejs": 145.21435374237635,
    "html-minifier": 16.19830761009811,
    "minimize": 95.71966364576267
  },
  "BBC.html": {
    "hyperbuild": 429.2291873495222,
    "hyperbuild-nodejs": 251.3721939160052,
    "html-minifier": 18.333446052847226,
    "minimize": 108.38902861455512
  },
  "Bootstrap.html": {
    "hyperbuild": 235.08368235051825,
    "hyperbuild-nodejs": 156.19542771462898,
    "html-minifier": 8.557266916672539,
    "minimize": 22.359774537863895
  },
  "Bing.html": {
    "hyperbuild": 1008.1262435363229,
    "hyperbuild-nodejs": 585.3489088472239,
    "html-minifier": 79.35385186294975,
    "minimize": 435.31581246812584
  },
  "Coding Horror.html": {
    "hyperbuild": 1146.867798530376,
    "hyperbuild-nodejs": 680.2295027510518,
    "html-minifier": 45.63362214760677,
    "minimize": 164.51899348138494
  },
  "Google.html": {
    "hyperbuild": 344.0346646025321,
    "hyperbuild-nodejs": 317.3708534283478,
    "html-minifier": 29.36827883130167,
    "minimize": 365.1698468973524
  },
  "Hacker News.html": {
    "hyperbuild": 1804.5683188361834,
    "hyperbuild-nodejs": 1259.6432378637871,
    "html-minifier": 66.43984413610241,
    "minimize": 255.30928557346104
  },
  "NY Times.html": {
    "hyperbuild": 123.84742876588177,
    "hyperbuild-nodejs": 51.83081525871115,
    "html-minifier": 7.334756953956464,
    "minimize": 59.400301132747934
  },
  "Reddit.html": {
    "hyperbuild": 109.45057921629598,
    "hyperbuild-nodejs": 66.80243904185947,
    "html-minifier": 6.3323721760167695,
    "minimize": 44.528247219895
  },
  "Stack Overflow.html": {
    "hyperbuild": 763.6540095978328,
    "hyperbuild-nodejs": 496.21357271825997,
    "html-minifier": 39.39722290667494,
    "minimize": 148.07292819104936
  },
  "Twitter.html": {
    "hyperbuild": 376.9341764747767,
    "hyperbuild-nodejs": 208.2611701306221,
    "html-minifier": 42.264558908660206,
    "minimize": 136.3651156178245
  },
  "Wikipedia.html": {
    "hyperbuild": 52.02792034641937,
    "hyperbuild-nodejs": 32.045431164840046,
    "html-minifier": 2.35238631274572,
    "minimize": 7.878943786969402
  }
}