{
  "Amazon.html": {
    "hyperbuild": 465.50245835303156,
    "hyperbuild-nodejs": 455.0487568010082,
    "html-minifier": 42.132362101867265,
    "minimize": 114.1876564245339
  },
  "BBC.html": {
    "hyperbuild": 487.9227758294946,
    "hyperbuild-nodejs": 469.00501299771,
    "html-minifier": 45.539082044496425,
    "minimize": 142.67976760586086
  },
  "Bootstrap.html": {
    "hyperbuild": 211.4224043526581,
    "hyperbuild-nodejs": 212.90708528176216,
    "html-minifier": 9.185406543150869,
    "minimize": 23.327303724107708
  },
  "Bing.html": {
    "hyperbuild": 2048.4087148940653,
    "hyperbuild-nodejs": 1994.5824867881042,
    "html-minifier": 227.72432719779127,
    "minimize": 546.3653509215457
  },
  "Coding Horror.html": {
    "hyperbuild": 1026.0665966280021,
    "hyperbuild-nodejs": 1002.065473186622,
    "html-minifier": 57.63675661339994,
    "minimize": 188.64083891044802
  },
  "ECMA-262.html": {
    "hyperbuild": 12.86713855992782,
    "hyperbuild-nodejs": 12.477324823911884,
    "html-minifier": 0.5195474427689735,
    "minimize": 1.3164929278223723
  },
  "Google.html": {
    "hyperbuild": 1883.669674755918,
    "hyperbuild-nodejs": 1756.2993142315204,
    "html-minifier": 332.19134317308385,
    "minimize": 580.4716141570754
  },
  "Hacker News.html": {
    "hyperbuild": 1722.167784079985,
    "hyperbuild-nodejs": 1688.259096611799,
    "html-minifier": 87.14413060022541,
    "minimize": 271.02689069188085
  },
  "NY Times.html": {
    "hyperbuild": 322.3939564734156,
    "hyperbuild-nodejs": 303.0917508322731,
    "html-minifier": 41.90685076570727,
    "minimize": 104.3222139613737
  },
  "Reddit.html": {
    "hyperbuild": 365.45195046927216,
    "hyperbuild-nodejs": 347.2682176821133,
    "html-minifier": 44.22015518636509,
    "minimize": 118.24035770803926
  },
  "Stack Overflow.html": {
    "hyperbuild": 717.9290791655839,
    "hyperbuild-nodejs": 701.7259205288996,
    "html-minifier": 49.142772908926695,
    "minimize": 157.39557262183592
  },
  "Twitter.html": {
    "hyperbuild": 268.6410506444874,
    "hyperbuild-nodejs": 251.62962766725312,
    "html-minifier": 42.17252196756126,
    "minimize": 164.92088297175664
  },
  "Wikipedia.html": {
    "hyperbuild": 47.84321953380644,
    "hyperbuild-nodejs": 46.509118305923565,
    "html-minifier": 3.1796252429460234,
    "minimize": 8.686220803188926
  }
}