{
  "Amazon": {
    "hyperbuild-nodejs": 508.6052506017873,
    "html-minifier": 42.25586310792637,
    "minimize": 112.84668317196737
  },
  "BBC": {
    "hyperbuild-nodejs": 532.8102905973569,
    "html-minifier": 54.543166381705994,
    "minimize": 158.04711027873367
  },
  "Bing": {
    "hyperbuild-nodejs": 2163.2302078550147,
    "html-minifier": 226.06394079630297,
    "minimize": 545.0653574947338
  },
  "Bootstrap": {
    "hyperbuild-nodejs": 276.9069916779089,
    "html-minifier": 9.088104379498866,
    "minimize": 23.551904759608103
  },
  "Coding Horror": {
    "hyperbuild-nodejs": 1130.8127333329164,
    "html-minifier": 57.409616058969526,
    "minimize": 187.28893041569714
  },
  "ECMA-262": {
    "hyperbuild-nodejs": 16.78425400473028,
    "html-minifier": 0.5081461293026476,
    "minimize": 1.3377251957362182
  },
  "Google": {
    "hyperbuild-nodejs": 1856.1401576820815,
    "html-minifier": 326.33685434942925,
    "minimize": 555.6574376056606
  },
  "Hacker News": {
    "hyperbuild-nodejs": 2243.718482073889,
    "html-minifier": 86.20536879655822,
    "minimize": 272.83901988612814
  },
  "NY Times": {
    "hyperbuild-nodejs": 281.05098122387943,
    "html-minifier": 35.57258739419913,
    "minimize": 85.73538788107287
  },
  "Reddit": {
    "hyperbuild-nodejs": 410.12831233429847,
    "html-minifier": 45.16614107393938,
    "minimize": 122.77229783626386
  },
  "Stack Overflow": {
    "hyperbuild-nodejs": 844.9492250936706,
    "html-minifier": 47.752958982642866,
    "minimize": 157.06321076776504
  },
  "Twitter": {
    "hyperbuild-nodejs": 279.4114354197891,
    "html-minifier": 41.71822833204345,
    "minimize": 164.8527211050192
  },
  "Wikipedia": {
    "hyperbuild-nodejs": 57.721598283350104,
    "html-minifier": 3.1325913382989596,
    "minimize": 8.741663457588
  }
}