{
  "Amazon": {
    "hyperbuild-nodejs": 499.9428905642954,
    "html-minifier": 36.3036627447208,
    "minimize": 113.33527430279831
  },
  "BBC": {
    "hyperbuild-nodejs": 534.5358584753244,
    "html-minifier": 49.23362197831472,
    "minimize": 161.96803168572117
  },
  "Bing": {
    "hyperbuild-nodejs": 2137.27013270331,
    "html-minifier": 223.08512226985184,
    "minimize": 550.9181761277221
  },
  "Bootstrap": {
    "hyperbuild-nodejs": 277.1391080206004,
    "html-minifier": 8.043255283692064,
    "minimize": 22.245439492019898
  },
  "Coding Horror": {
    "hyperbuild-nodejs": 1096.4910673601032,
    "html-minifier": 49.83595257976626,
    "minimize": 188.32749988717788
  },
  "ECMA-262": {
    "hyperbuild-nodejs": 16.200240897950334,
    "html-minifier": 0.45522858062374655,
    "minimize": 1.3356053866389666
  },
  "Google": {
    "hyperbuild-nodejs": 1832.4626475818236,
    "html-minifier": 242.1462398878334,
    "minimize": 564.1884364813526
  },
  "Hacker News": {
    "hyperbuild-nodejs": 2127.8084431041266,
    "html-minifier": 74.78979361035866,
    "minimize": 272.3995630011103
  },
  "NY Times": {
    "hyperbuild-nodejs": 265.55362689112695,
    "html-minifier": 37.146711151201565,
    "minimize": 87.7133467873164
  },
  "Reddit": {
    "hyperbuild-nodejs": 391.75000439723124,
    "html-minifier": 45.067854272152125,
    "minimize": 125.87983932864549
  },
  "Stack Overflow": {
    "hyperbuild-nodejs": 818.3755008258345,
    "html-minifier": 41.43093414076361,
    "minimize": 159.71387801780298
  },
  "Twitter": {
    "hyperbuild-nodejs": 274.57816497268476,
    "html-minifier": 36.94949014023178,
    "minimize": 168.81796573617953
  },
  "Wikipedia": {
    "hyperbuild-nodejs": 54.852210553433345,
    "html-minifier": 2.821530343574604,
    "minimize": 8.66394750522524
  }
}