{
  "Amazon.html": {
    "hyperbuild-nodejs": 453.9446367209197,
    "html-minifier": 42.41045313663229,
    "minimize": 114.74500577302787
  },
  "BBC.html": {
    "hyperbuild-nodejs": 471.95373182009035,
    "html-minifier": 44.62434122645009,
    "minimize": 143.76941073868343
  },
  "Bing.html": {
    "hyperbuild-nodejs": 1983.283549298642,
    "html-minifier": 224.4254863951391,
    "minimize": 547.4731257876035
  },
  "Bootstrap.html": {
    "hyperbuild-nodejs": 207.1001839706425,
    "html-minifier": 9.155727796452659,
    "minimize": 23.405526541070603
  },
  "Coding Horror.html": {
    "hyperbuild-nodejs": 1009.9271101767229,
    "html-minifier": 58.570673337738285,
    "minimize": 192.6296247484631
  },
  "ECMA-262.html": {
    "hyperbuild-nodejs": 12.651620170239344,
    "html-minifier": 0.5175151408492638,
    "minimize": 1.3331944009226142
  },
  "Google.html": {
    "hyperbuild-nodejs": 1755.84144550864,
    "html-minifier": 327.57989037094177,
    "minimize": 559.7413104037764
  },
  "Hacker News.html": {
    "hyperbuild-nodejs": 1698.4814577832713,
    "html-minifier": 86.84874410099094,
    "minimize": 272.4655268930861
  },
  "NY Times.html": {
    "hyperbuild-nodejs": 303.09869941070536,
    "html-minifier": 42.081296690280986,
    "minimize": 105.9439759928125
  },
  "Reddit.html": {
    "hyperbuild-nodejs": 347.3501992232369,
    "html-minifier": 43.965316436512296,
    "minimize": 119.53066163219651
  },
  "Stack Overflow.html": {
    "hyperbuild-nodejs": 699.0528884626148,
    "html-minifier": 48.9868522505873,
    "minimize": 158.237902766563
  },
  "Twitter.html": {
    "hyperbuild-nodejs": 261.0846884406236,
    "html-minifier": 41.807088664465276,
    "minimize": 165.579606845361
  },
  "Wikipedia.html": {
    "hyperbuild-nodejs": 47.35485721052862,
    "html-minifier": 3.1776064565607642,
    "minimize": 8.735035310526898
  }
}