{
  "Amazon.html": {
    "hyperbuild": 440.8132965717429,
    "hyperbuild-nodejs": 421.69855021276993,
    "html-minifier": 17.258795822465824,
    "minimize": 90.55958994772226
  },
  "BBC.html": {
    "hyperbuild": 492.0329453689757,
    "hyperbuild-nodejs": 471.8584948307175,
    "html-minifier": 19.7020352249727,
    "minimize": 104.87178415350614
  },
  "Bootstrap.html": {
    "hyperbuild": 231.09665327117622,
    "hyperbuild-nodejs": 226.67498352524473,
    "html-minifier": 8.226880597761307,
    "minimize": 20.13372742812355
  },
  "Bing.html": {
    "hyperbuild": 1778.4702078625266,
    "hyperbuild-nodejs": 1658.794145375611,
    "html-minifier": 83.98091409603377,
    "minimize": 384.94817410652996
  },
  "Coding Horror.html": {
    "hyperbuild": 1168.2795366543119,
    "hyperbuild-nodejs": 1078.459574380092,
    "html-minifier": 46.48112183626401,
    "minimize": 153.319841453279
  },
  "Google.html": {
    "hyperbuild": 1114.801076060868,
    "hyperbuild-nodejs": 1019.3514619651979,
    "html-minifier": 30.027167989715412,
    "minimize": 332.2243603934142
  },
  "Hacker News.html": {
    "hyperbuild": 1792.733771310799,
    "hyperbuild-nodejs": 1733.4960660597985,
    "html-minifier": 66.72358457316844,
    "minimize": 227.14057132045096
  },
  "NY Times.html": {
    "hyperbuild": 205.6615989494327,
    "hyperbuild-nodejs": 184.89340003459205,
    "html-minifier": 8.051220803993862,
    "minimize": 57.913234028121984
  },
  "Reddit.html": {
    "hyperbuild": 186.794516149638,
    "hyperbuild-nodejs": 174.40078706592806,
    "html-minifier": 6.803778440125968,
    "minimize": 38.92901486989761
  },
  "Stack Overflow.html": {
    "hyperbuild": 785.6645799343813,
    "hyperbuild-nodejs": 744.9855971158657,
    "html-minifier": 40.301363056633434,
    "minimize": 136.9552445217857
  },
  "Twitter.html": {
    "hyperbuild": 368.20636689648717,
    "hyperbuild-nodejs": 347.59122908382204,
    "html-minifier": 42.309450954465014,
    "minimize": 135.2904116989639
  },
  "Wikipedia.html": {
    "hyperbuild": 51.59259861536417,
    "hyperbuild-nodejs": 51.17247467198595,
    "html-minifier": 2.3748941300695545,
    "minimize": 7.740053597200842
  }
}